Designator,Mid X,Mid Y,Layer,Rotation
3TFuse1,124.85,-94.33,top,270
BC1,123.3,-108.15,top,90
BC2,124,-111.35,top,0
BC3,125.325,-114.95,top,0
BD1,118.7,-105.15,top,90
BD2,115.3,-109.35,top,180
BMSC1,132.5,-127.55,top,90
BOOTSW1,189.5825,-150.3953,top,180
BQ296115DSGR1,93.55,-147.05,top,180
BR1,120.275,-109.35,top,0
C1-0,123.5,-131.55,top,270
C2-0,122.25,-129.32,top,90
C4,129.05,-134.81,top,0
C70,177.5825,-143.3953,top,90
C71,191.7749,-122.3039,top,0
C72,150,-126,top,270
CC2-1,124.75,-129.28,top,90
CC3-2,124.1,-126.95,top,0
CC4-3,120.75,-118.2,top,90
CR1,114.5,-115.55,top,0
CR2,114.5,-118.8,top,0
CR3,114.5,-124.05,top,0
CR4,114.5,-126.55,top,0
CR5,114.5,-129.05,top,0
Cellin1,75.5,-123.9692,top,270
ChC1,144.6,-76.25,top,180
ChC2,141.225,-76.25,top,180
ChD1,146.5,-83.05,top,90
ChD2,150.5,-87.55,top,180
ChFet1,139.76,-89.05,top,270
ChR1,151.725,-85.15,top,180
ChR2,154.3,-85.8,top,90
D1,148,-105,top,270
D2,149.55,-109.05,top,180
D15,159.13,-112.55,top,180
D17,164,-104.86,top,90
DC1,168.5,-84.325,top,90
DC2,172,-82.55,top,0
DC3,157.5,-108.75,top,270
DD1,145.5,-105.05,top,90
DD2,143,-115.05,top,0
DD3,157,-103.55,top,90
DFet2,139.76,-101.05,top,90
DFet3,159.76,-101.05,top,270
DFet4,158.24,-94.52,top,270
DFetGate3,159,-105.875,top,90
DFetGate4,160.5,-105.875,top,90
DR1,143,-104.375,top,90
DR2,147.175,-115.05,top,0
DR3,149.15,-116.95,top,0
DR4,155,-103.225,top,90
DR5,154,-110.49,top,90
DRgate1,141.78,-109.95,top,180
DRgate2,143.82,-112.35,top,180
Dfet1,139.74,-93.55,top,90
FB1,156.95,-121.5603,top,180
FB2,156.9,-123.25,top,180
FC1,129.9,-85.075,top,270
FFet1,125.96,-88.5025,top,90
FR1,128.3,-85.05,top,90
FRShunt1,129.05,-143.55,top,0
FUSER2,129.9,-79.6,top,270
H1,75.67,-154.34,top,0
H2,196.07,-154.44,top,0
H3,101.27,-67.84,top,0
H4,182.07,-68.84,top,0
J1,197.5,-142.3,top,0
J2,101,-92.3,top,270
J3,117.75,-66.55,top,180
J4,183.5,-92.3,top,90
J5,183.295,-142.3953,top,90
J6,144.4,-66.55,top,180
J7,185.5,-130.55,top,90
LDR1,140.5,-104.375,top,90
LED1,103.9,-77.55,top,0
LED2,177.6,-105.55,top,180
LED3,157.5,-69.45,top,270
LED5,129.7,-68.65,top,270
LEDR1,105.5,-80.55,top,270
LEDR2,173.5,-104.55,top,90
LEDR3,156.5,-73.55,top,180
LEDR5,128,-72.05,top,180
MCUC11,171.5825,-140.0603,top,270
MCUC12,158.5825,-128.4803,top,90
MCUC13,163.5025,-125,top,0
MCUC14,173.25,-127.875,top,0
MCUC15,163.8325,-139.5603,top,180
MCUC16,159.5825,-128.4803,top,90
MCUC17,159.5825,-136.5603,top,90
MCUC18,158.5825,-136.5603,top,90
MCUC19,159.18,-131.95,top,180
MCUC20,170.0825,-140.3953,top,270
MCUC21,171.75,-126.295,top,90
MCUR1,159.5825,-139.58,top,90
MCUR2,168.4287,-141.0603,top,0
MCUR3,165.75,-142.375,top,90
MCUR4,168.4287,-140.0603,top,0
MCUR5,163.25,-121.875,top,90
MCUR6,160.75,-123.4903,top,90
MCUTVS1,169.5825,-123.5603,top,180
MCUTVS2,165.5825,-123.5603,top,180
MCUTVS3,194.25,-139.05,top,90
MCUTVS4,197,-136.05,top,270
NMOS1,168.5,-107.81,top,180
NRSTSW2,182.5825,-150.3953,top,180
OSCC1,156.9,-129.25,top,270
OSCC2,156.9,-132.75,top,270
PCc2,142.725,-78.55,top,0
PackR1,154.52,-78.05,top,180
PcC1,139.225,-78.55,top,0
PcFet1,140.7,-81.89,top,270
PcR1,135.52,-82.05,top,0
PcR2,144,-81.875,top,90
PcR3,136.75,-84.55,top,0
PdC1,165.725,-81.15,top,0
PdC2,166.5,-84.325,top,270
PdFet1,158.1,-81.95,top,270
PdR1,159.5,-89.55,top,270
PdR2,161.7,-81.975,top,270
PdR3,161.7,-85.5,top,270
Q6,137.5,-118.45,top,90
R46,166,-105.55,top,90
R47,162.5,-110.55,top,0
RC1,140,-117.63,top,270
RC2,140,-119.8,top,0
RC3,138.48,-121.05,top,180
RC4,136.28,-121.55,top,180
RD1,133.25,-106.3,top,90
RD2,127.5,-108.55,top,90
RR1,133.52,-113.05,top,180
RR2,132.5,-116.225,top,270
Rshunt1,88.06,-105.59,top,180
Rshunt2,94.06,-105.59,top,180
Rshunt3,100.06,-105.59,top,180
Rshunt4,105.94,-105.55,top,180
S1,153.5825,-149.8953,top,0
S2,108,-113.55,top,90
S3,103,-113.55,top,90
S4,97,-113.55,top,90
S5,91,-113.55,top,90
S6,85,-113.55,top,90
SC1,127.77,-130.55,top,180
SC2,130.27,-130.55,top,0
SC3,129.05,-129.3,top,0
SRinN1,128.55,-136.81,top,270
SRinP1,129.55,-136.8,top,270
TH1,132.27,-132.84,top,0
TH2,136.27,-130.8,top,0
TH3,128.23,-104.8,top,180
TP1,114,-102.05,top,270
TP5,192.1624,-138.4506,top,0
TP6,126.5,-136.05,top,0
TP7,120,-137.55,top,0
TP8,131.5,-136.05,top,0
TP9,121.5,-78.05,top,0
TP10,123.1,-113.15,top,0
TP11,126.1,-112.95,top,0
TP12,133.5,-134.8,top,0
TP13,130.5,-110.05,top,0
TP14,142,-118.55,top,0
TP15,133.4,-129.55,top,0
TP16,117.1,-130.75,top,0
TP17,136,-137.55,top,0
TP18,122.5,-122.55,top,0
TP20,149.5,-78.05,top,0
TP21,167.5,-95.55,top,0
TP22,154.5,-83.15,top,0
TP23,194.7364,-134.8266,top,0
TP24,156.9,-124.95,top,0
TP25,157,-119.85,top,0
TP26,131.5,-96.55,top,0
TP27,129.9,-82.15,top,0
TP28,82.9,-129.15,top,180
TP29,89.5,-126.55,top,180
TP30,95.5,-123.95,top,180
TP31,89.5,-121.55,top,180
TP32,81,-119.05,top,180
TP33,119.9,-129.75,top,0
TP34,118.5,-123.95,top,180
TP35,118.1,-118.75,top,0
TP36,118.1,-115.55,top,180
TP37,104.5,-141.55,top,0
TP38,101.5,-141.55,top,0
TP39,98.5,-141.55,top,0
TP40,93.25,-141.55,top,0
TP41,95.775,-141.55,top,0
TP42,84.5,-147.55,top,0
TP43,92.5,-149.55,top,0
TP44,134.5,-117.05,top,0
TP46,142.9,-120.8,top,0
TP48,139.87,-85.05,top,0
TP49,159.1,-85.35,top,0
TP50,147.5,-96.55,top,0
TP51,137.5,-106.55,top,0
TP52,159.5,-78.05,top,0
TP53,163.5,-108.55,top,0
TP54,143,-107.55,top,0
TP55,145.5,-116.95,top,0
TP57,155.5,-106.55,top,0
TP58,149,-111.55,top,0
TP59,172.5825,-144.8103,top,0
TP60,194.25,-124.05,top,0
TP61,170.1,-143.65,top,0
TP62,173.25,-124.55,top,0
TP63,146.6,-129.55,top,0
TP64,193.75,-148.84,top,0
TP65,177.7,-149.65,top,0
TP66,148.75,-149.75,top,0
TP67,162.7,-149.85,top,0
TP68,153.2,-137.35,top,0
TP69,149.1,-143.65,top,0
TP70,156.4,-139.15,top,0
TP71,150.7,-136.05,top,0
TP72,148.5,-132.05,top,0
TsC1,132,-131.3,top,0
TsC2,136.08,-129.05,top,0
TsC3,122.17,-120.3,top,90
TsR1,141,-134.23,top,90
TsRST1,137.5,-134.55,top,0
U1,128.8,-122.8,top,0
U2,167,-132.55,top,0
U4,175.005,-142.0603,top,0
U5,192.0224,-120.2835,top,0
U6,152.5825,-126.35,top,270
U7,151.59,-104.89,top,180
U9,186.0224,-120.7835,top,0
USBC1,180.5224,-123.2835,top,270
USBC2,180.5224,-118.7835,top,270
USBR1,181,-134.05,top,270
USBR2,180.5,-127.05,top,270
USBR3,175.07,-129.2781,top,270
X1,154.9,-130.75,top,270
XC1,92.12,-145.45,top,0
XC2,94.975,-143.55,top,180
XC3,96.27,-145.3,top,180
XC4,98.52,-144.05,top,180
XC5,109.02,-141.55,top,0
XCreg1,94.48,-154.05,top,0
XCshun1,97.225,-132.05,top,180
XRC1,93.25,-138.01,top,90
XRC2,95.75,-138.03,top,90
XRC3,98.5,-138.03,top,90
XRC4,101.5,-138.07,top,90
XRC5,104.5,-138.05,top,90
XRreg1,89,-150.62,top,90
Xout1,93.25,-151.55,top,0
Xshun1,103.49,-132.05,top,180
better1,114.5,-87.35,top,270